n,L,W,H,P,c
S-13287,3.0,3.0,3.0,0,0.35
S-16725,4.0,4.0,3.0,0,0.37
S-4040,4.0,4.0,4.0,0,0.3
S-19037,5.0,4.0,4.0,0,0.5
S-4579,5.0,5.0,3.0,0,0.43
S-4580,5.0,5.0,4.0,0,0.46
S-4050,5.0,5.0,5.0,0,0.39
S-4244,6.0,3.0,3.0,0,0.44
S-20491,6.0,4.0,2.0,0,0.44
S-4582,6.0,4.0,3.0,0,0.45
S-4060,6.0,4.0,4.0,0,0.35
S-4512,6.0,5.0,4.0,0,0.54
S-4704,6.0,5.0,5.0,0,0.6
S-4307,6.0,6.0,2.0,0,0.57
S-4780,6.0,6.0,3.0,0,0.58
S-4061,6.0,6.0,4.0,0,0.41
S-4513,6.0,6.0,5.0,0,0.62
S-4062,6.0,6.0,6.0,0,0.42
S-22632,7.0,4.0,3.0,0,0.53
S-4584,7.0,4.0,4.0,0,0.54
S-13286,7.0,5.0,3.0,0,0.58
S-4063,7.0,5.0,4.0,0,0.6
S-4344,7.0,5.0,5.0,0,0.42
S-16700,7.0,6.0,4.0,0,0.72
S-22171,7.0,6.0,5.0,0,0.73
S-16729,7.0,6.0,6.0,0,0.71
S-4585,7.0,7.0,3.0,0,0.69
S-4690,7.0,7.0,4.0,0,0.71
S-4070,7.0,7.0,5.0,0,0.75
S-4586,7.0,7.0,6.0,0,0.8
S-4315,7.0,7.0,7.0,0,0.58
S-22628,8.0,3.0,3.0,0,0.53
S-4245,8.0,4.0,4.0,0,0.41
S-16701,8.0,5.0,3.0,0,0.69
S-4556,8.0,5.0,4.0,0,0.71
S-4308,8.0,5.0,5.0,0,0.72
S-15027,8.0,6.0,2.0,0,0.41
S-4705,8.0,6.0,3.0,0,0.71
S-4080,8.0,6.0,4.0,0,0.43
S-4515,8.0,6.0,5.0,0,0.8
S-4081,8.0,6.0,6.0,0,0.57
S-4588,8.0,7.0,7.0,0,0.92
S-19042,8.0,8.0,2.0,0,0.72
S-4589,8.0,8.0,3.0,0,0.75
S-4082,8.0,8.0,4.0,0,0.61
S-4345,8.0,8.0,5.0,0,0.82
S-4083,8.0,8.0,6.0,0,0.71
S-4975,8.0,8.0,7.0,0,1.02
S-4084,8.0,8.0,8.0,0,0.62
S-4850,9.0,4.0,3.0,0,0.61
S-15030,9.0,4.0,4.0,0,0.62
S-4593,9.0,5.0,3.0,0,0.62
S-16705,9.0,5.0,4.0,0,0.64
S-4092,9.0,5.0,5.0,0,0.67
S-11369,9.0,6.0,2.0,0,0.71
S-4949,9.0,6.0,3.0,0,0.5
S-4484,9.0,6.0,4.0,0,0.51
S-4707,9.0,6.0,5.0,0,0.77
S-4362,9.0,6.0,6.0,0,0.57
S-25102,9.0,6.5,2.75,0,3.05
S-25103,9.0,6.5,4.0,0,3.3
S-19100,9.0,7.0,3.0,0,0.75
S-4594,9.0,7.0,4.0,0,0.77
S-4334,9.0,7.0,5.0,0,0.8
S-4976,9.0,7.0,6.0,0,0.84
S-4485,9.0,7.0,7.0,0,0.94
S-4836,9.0,8.0,4.0,0,0.8
S-4950,9.0,8.0,6.0,0,0.92
S-16706,9.0,8.0,8.0,0,1.02
S-20493,9.0,9.0,3.0,0,0.87
S-4595,9.0,9.0,4.0,0,0.6
S-4093,9.0,9.0,5.0,0,0.92
S-4309,9.0,9.0,6.0,0,0.99
S-16515,9.0,9.0,6.5,0,1.95
S-4596,9.0,9.0,7.0,0,1.04
S-14265,9.0,9.0,8.0,0,1.11
S-4094,9.0,9.0,9.0,0,0.77
S-4466,10.0,4.0,4.0,0,0.51
S-20478,10.0,5.0,4.0,0,0.83
S-4486,10.0,5.0,5.0,0,0.84
S-4600,10.0,6.0,3.0,0,0.8
S-4101,10.0,6.0,4.0,0,0.55
S-4951,10.0,6.0,5.0,0,0.9
S-4102,10.0,6.0,6.0,0,0.58
S-16708,10.0,7.0,3.0,0,0.83
S-4708,10.0,7.0,4.0,0,0.9
S-4752,10.0,7.0,5.0,0,0.92
S-4782,10.0,7.0,7.0,0,0.96
S-4601,10.0,8.0,2.0,0,0.84
S-4851,10.0,8.0,3.0,0,0.86
S-4310,10.0,8.0,4.0,0,0.62
S-4517,10.0,8.0,5.0,0,0.94
S-4103,10.0,8.0,6.0,0,0.66
S-4518,10.0,8.0,7.0,0,0.98
S-4104,10.0,8.0,8.0,0,0.68
S-16711,10.0,9.0,4.0,0,1.01
S-4977,10.0,9.0,6.0,0,1.04
S-19102,10.0,9.0,8.0,0,1.32
S-16707,10.0,9.0,9.0,0,1.28
S-4942,10.0,10.0,2.0,0,0.98
S-4311,10.0,10.0,3.0,0,0.99
S-4346,10.0,10.0,4.0,0,0.68
S-4106,10.0,10.0,5.0,0,1.04
S-4107,10.0,10.0,6.0,0,0.71
S-4558,10.0,10.0,7.0,0,1.12
S-4108,10.0,10.0,8.0,0,1.23
S-4978,10.0,10.0,9.0,0,1.24
S-4105,10.0,10.0,10.0,0,0.79
S-16975,10.75,8.130000000000003,5.0,0,8.05
S-15031,11.0,6.0,4.0,0,0.87
S-16715,11.0,6.0,6.0,0,0.93
S-13289,11.0,7.0,7.0,0,0.99
S-21594,11.0,8.0,3.0,0,0.93
S-13290,11.0,8.0,4.0,0,0.94
S-16716,11.0,8.0,5.0,0,0.96
S-4607,11.0,8.0,6.0,0,0.98
S-14268,11.0,8.0,8.0,0,1.06
S-16717,11.0,9.0,6.0,0,1.08
S-11371,11.0,9.0,9.0,0,1.36
S-16718,11.0,11.0,3.0,0,1.23
S-21003,11.0,11.0,4.0,0,1.24
S-13291,11.0,11.0,5.0,0,1.25
S-16719,11.0,11.0,6.0,0,1.32
S-4608,11.0,11.0,7.0,0,1.38
S-19859,11.0,11.0,8.0,0,1.4
S-4852,11.0,11.0,9.0,0,1.44
S-19098,11.0,11.0,10.0,0,1.52
S-4316,11.0,11.0,11.0,0,1.58
S-4559,11.25,8.75,2.75,0,0.64
S-4954,11.25,8.75,4.0,0,0.99
S-18385,11.25,8.75,5.0,0,1.02
S-4420,11.25,8.75,6.0,0,0.77
S-12591,11.25,8.75,8.0,0,1.11
S-4610,11.25,8.75,8.75,0,1.17
S-4111,11.75,8.75,4.75,0,1.01
S-4112,11.75,8.75,8.75,0,1.12
S-16721,12.0,3.0,3.0,0,0.69
S-4116,12.0,4.0,4.0,0,0.58
S-19099,12.0,5.0,4.0,0,0.9
S-16722,12.0,5.0,5.0,0,0.92
S-11372,12.0,6.0,2.0,0,0.86
S-16723,12.0,6.0,3.0,0,0.87
S-4127,12.0,6.0,4.0,0,0.59
S-15032,12.0,6.0,5.0,0,0.93
S-4128,12.0,6.0,6.0,0,0.61
S-22180,12.0,7.0,4.0,0,0.94
S-13293,12.0,7.0,5.0,0,0.96
S-4387,12.0,7.0,7.0,0,1.04
S-16724,12.0,8.0,3.0,0,0.98
S-4117,12.0,8.0,4.0,0,0.99
S-4711,12.0,8.0,5.0,0,1.04
S-4121,12.0,8.0,6.0,0,0.68
S-4979,12.0,8.0,7.0,0,1.12
S-4129,12.0,8.0,8.0,0,0.77
S-279,12.0,8.75,8.75,0,0.99
S-4118,12.0,9.0,2.0,0,0.76
S-4312,12.0,9.0,3.0,0,0.77
S-4521,12.0,9.0,4.0,0,0.79
S-4487,12.0,9.0,5.0,0,1.17
S-4406,12.0,9.0,6.0,0,0.87
S-4488,12.0,9.0,7.0,0,1.36
S-4853,12.0,9.0,8.0,0,1.38
S-4335,12.0,9.0,9.0,0,0.93
S-4980,12.0,10.0,2.0,0,1.18
S-4409,12.0,10.0,3.0,0,1.19
S-4119,12.0,10.0,4.0,0,0.87
S-4522,12.0,10.0,5.0,0,1.24
S-4130,12.0,10.0,6.0,0,0.89
S-4885,12.0,10.0,7.0,0,1.36
S-4120,12.0,10.0,8.0,0,0.91
S-4336,12.0,10.0,9.0,0,1.42
S-4123,12.0,10.0,10.0,0,0.94
S-22636,12.0,11.0,11.0,0,1.7
S-4561,12.0,12.0,2.0,0,1.24
S-4460,12.0,12.0,3.0,0,0.88
S-4215,12.0,12.0,4.0,0,0.89
S-4489,12.0,12.0,5.0,0,1.29
S-4122,12.0,12.0,6.0,0,0.93
S-4613,12.0,12.0,7.0,0,1.42
S-4124,12.0,12.0,8.0,0,1.0
S-4337,12.0,12.0,9.0,0,1.65
S-4126,12.0,12.0,10.0,0,1.12
S-4981,12.0,12.0,11.0,0,1.84
S-4125,12.0,12.0,12.0,0,1.03
S-19833,12.25,9.25,6.0,0,1.28
S-4955,12.25,9.25,9.0,0,1.4
S-14270,12.25,9.25,9.25,0,1.61
S-18942,12.38,9.25,4.13,0,3.25
S-4816,12.5,9.0,9.0,0,2.6
S-4754,12.5,12.5,6.0,0,1.81
S-4562,12.5,12.5,12.0,0,2.1
S-19087,13.0,3.0,3.0,0,0.75
S-22645,13.0,6.0,6.0,0,1.11
S-4924,13.0,7.0,7.0,0,1.06
S-17335,13.0,8.0,5.0,0,2.4
S-22168,13.0,8.0,6.0,0,1.14
S-19088,13.0,8.0,8.0,0,1.28
S-18391,13.0,9.0,4.0,0,1.32
S-4817,13.0,9.0,6.0,0,1.49
S-14271,13.0,9.0,7.0,0,1.5
S-21053,13.0,9.0,8.0,0,1.53
S-11373,13.0,9.0,9.0,0,1.57
S-4715,13.0,10.0,2.0,0,1.18
S-4716,13.0,10.0,4.0,0,0.89
S-4854,13.0,10.0,5.0,0,1.34
S-13296,13.0,10.0,6.0,0,1.38
S-4982,13.0,10.0,7.0,0,1.4
S-4838,13.0,10.0,8.0,0,1.49
S-22646,13.0,10.0,9.0,0,1.59
S-4785,13.0,10.0,10.0,0,1.65
S-21572,13.0,11.0,2.0,0,1.32
S-4131,13.0,11.0,5.0,0,1.38
S-4717,13.0,11.0,7.0,0,1.42
S-23311,13.0,11.0,8.0,0,1.52
S-14272,13.0,11.0,9.0,0,1.61
S-21595,13.0,11.0,11.0,0,1.71
S-20485,13.0,12.0,12.0,0,1.98
S-4886,13.0,13.0,2.0,0,1.42
S-19090,13.0,13.0,3.0,0,1.44
S-4526,13.0,13.0,4.0,0,0.99
S-4887,13.0,13.0,5.0,0,1.5
S-13297,13.0,13.0,6.0,0,1.61
S-4563,13.0,13.0,7.0,0,1.7
S-4984,13.0,13.0,8.0,0,1.74
S-19089,13.0,13.0,9.0,0,1.81
S-4694,13.0,13.0,10.0,0,1.88
S-19836,13.0,13.0,12.0,0,1.95
S-4317,13.0,13.0,13.0,0,1.41
S-4956,13.25,10.25,9.0,0,1.61
S-4895,13.25,10.25,10.25,0,1.96
S-18943,13.38,10.0,5.38,0,4.25
S-4615,13.5,12.75,12.75,0,2.11
S-4388,13.5,13.5,7.5,0,1.79
S-4935,13.56,12.129999999999997,12.13,0,3.3
S-13298,14.0,4.0,4.0,0,0.93
S-19085,14.0,6.0,2.0,0,0.98
S-4527,14.0,6.0,4.0,0,0.68
S-4138,14.0,6.0,6.0,0,0.68
S-18376,14.0,7.0,7.0,0,1.17
S-16737,14.0,8.0,4.0,0,1.04
S-21004,14.0,8.0,5.0,0,1.12
S-4137,14.0,8.0,6.0,0,1.17
S-4691,14.0,8.0,8.0,0,1.29
S-20476,14.0,8.75,8.75,0,1.49
S-16735,14.0,9.0,6.0,0,1.32
S-4985,14.0,9.0,9.0,0,1.42
S-13299,14.0,10.0,2.0,0,1.29
S-21007,14.0,10.0,3.0,0,1.34
S-4492,14.0,10.0,4.0,0,1.38
S-4986,14.0,10.0,5.0,0,1.42
S-4233,14.0,10.0,6.0,0,0.91
S-21065,14.0,10.0,7.0,0,1.44
S-4143,14.0,10.0,8.0,0,0.93
S-4888,14.0,10.0,9.0,0,1.5
S-4144,14.0,10.0,10.0,0,1.0
S-17644,14.0,10.880000000000003,6.75,0,3.25
S-4620,14.0,11.0,3.0,0,1.36
S-4145,14.0,11.0,6.0,0,1.5
S-15047,14.0,11.0,8.0,0,1.71
S-24054,14.0,11.0,10.0,0,1.79
S-16736,14.0,11.0,11.0,0,1.81
S-16738,14.0,12.0,3.0,0,1.38
S-4695,14.0,12.0,4.0,0,1.39
S-4423,14.0,12.0,6.0,0,1.03
S-4530,14.0,12.0,8.0,0,1.22
S-22187,14.0,12.0,9.0,0,1.81
S-4141,14.0,12.0,10.0,0,1.85
S-4407,14.0,12.0,12.0,0,2.07
S-4410,14.0,14.0,2.0,0,1.61
S-16739,14.0,14.0,3.0,0,1.62
S-4943,14.0,14.0,4.0,0,1.65
S-4621,14.0,14.0,5.0,0,1.71
S-4140,14.0,14.0,6.0,0,1.22
S-4889,14.0,14.0,7.0,0,1.97
S-4146,14.0,14.0,8.0,0,1.35
S-4347,14.0,14.0,9.0,0,2.14
S-4147,14.0,14.0,10.0,0,1.48
S-4148,14.0,14.0,12.0,0,2.43
S-4142,14.0,14.0,14.0,0,1.62
S-11252,14.5,8.75,6.0,0,1.44
S-521,14.5,8.75,8.75,0,1.85
S-18944,14.88,11.130000000000003,5.0,0,4.35
S-24070,15.0,8.0,6.0,0,1.19
S-15049,15.0,8.0,8.0,0,1.36
S-18390,15.0,9.0,8.0,0,1.6
S-16743,15.0,10.0,4.0,0,1.39
S-4411,15.0,10.0,5.0,0,1.42
S-4988,15.0,10.0,6.0,0,1.6
S-22201,15.0,10.0,7.0,0,1.71
S-4719,15.0,10.0,8.0,0,1.81
S-4246,15.0,10.0,10.0,0,1.69
S-21600,15.0,11.0,4.0,0,1.44
S-24071,15.0,11.0,5.0,0,1.59
S-19084,15.0,11.0,6.0,0,1.71
S-4624,15.0,11.0,7.0,0,1.84
S-13302,15.0,11.0,9.0,0,1.92
S-16745,15.0,11.0,11.0,0,1.96
S-351,15.0,11.130000000000003,6.0,0,1.58
S-20477,15.0,12.0,3.0,0,1.49
S-4625,15.0,12.0,4.0,0,1.5
S-21020,15.0,12.0,5.0,0,1.64
S-4234,15.0,12.0,6.0,0,1.81
S-22668,15.0,12.0,7.0,0,1.83
S-4493,15.0,12.0,8.0,0,1.84
S-4153,15.0,12.0,10.0,0,1.4
S-4989,15.0,12.0,12.0,0,2.04
S-4936,15.0,12.5,12.5,0,3.63
S-4839,15.0,13.0,7.0,0,1.85
S-23974,15.0,13.0,10.0,0,2.06
S-22204,15.0,13.0,12.0,0,2.2
S-11374,15.0,13.0,13.0,0,2.43
S-16746,15.0,15.0,3.0,0,1.65
S-4626,15.0,15.0,4.0,0,1.16
S-13304,15.0,15.0,5.0,0,1.73
S-4533,15.0,15.0,6.0,0,1.84
S-16747,15.0,15.0,7.0,0,2.01
S-4891,15.0,15.0,8.0,0,2.07
S-25345,15.0,15.0,9.0,0,2.17
S-4390,15.0,15.0,10.0,0,2.26
S-4494,15.0,15.0,12.0,0,2.53
S-4318,15.0,15.0,15.0,0,1.86
S-22648,15.06,10.500000000000002,10.5,0,4.5
S-17645,15.5,11.630000000000004,11.63,0,5.6
S-18945,15.88,11.879999999999999,7.13,0,5.75
S-15052,16.0,4.0,4.0,0,0.96
S-16748,16.0,5.0,5.0,0,1.02
S-4990,16.0,6.0,4.0,0,1.04
S-4348,16.0,6.0,6.0,0,1.17
S-14274,16.0,8.0,4.0,0,1.11
S-4155,16.0,8.0,6.0,0,1.23
S-4156,16.0,8.0,8.0,0,1.38
S-4787,16.0,9.0,3.0,0,1.36
S-21059,16.0,9.0,9.0,0,1.53
S-4944,16.0,10.0,4.0,0,1.4
S-21575,16.0,10.0,5.0,0,1.42
S-4157,16.0,10.0,6.0,0,0.96
S-4161,16.0,10.0,8.0,0,1.58
S-4391,16.0,10.0,10.0,0,1.7
S-4721,16.0,11.0,9.0,0,1.71
S-16749,16.0,11.0,10.0,0,1.81
S-20490,16.0,12.0,3.0,0,1.65
S-4363,16.0,12.0,4.0,0,1.16
S-23975,16.0,12.0,5.0,0,1.7
S-4969,16.0,12.0,6.0,0,1.18
S-16750,16.0,12.0,7.0,0,1.74
S-4235,16.0,12.0,8.0,0,1.22
S-14275,16.0,12.0,9.0,0,1.98
S-4160,16.0,12.0,10.0,0,1.34
S-22191,16.0,12.0,11.0,0,2.16
S-4163,16.0,12.0,12.0,0,1.42
S-13307,16.0,13.0,13.0,0,2.38
S-4991,16.0,14.0,4.0,0,1.79
S-4892,16.0,14.0,6.0,0,1.92
S-4564,16.0,14.0,8.0,0,1.96
S-4392,16.0,14.0,10.0,0,2.33
S-4151,16.0,14.0,12.0,0,2.44
S-13300,16.0,14.0,14.0,0,2.5
S-4856,16.0,16.0,3.0,0,1.84
S-4535,16.0,16.0,4.0,0,1.85
S-15055,16.0,16.0,5.0,0,1.97
S-4536,16.0,16.0,6.0,0,1.44
S-21055,16.0,16.0,7.0,0,2.22
S-4393,16.0,16.0,8.0,0,1.6
S-4537,16.0,16.0,9.0,0,2.54
S-4164,16.0,16.0,10.0,0,1.75
S-4538,16.0,16.0,11.0,0,2.8
S-4165,16.0,16.0,12.0,0,2.07
S-21056,16.0,16.0,13.0,0,3.03
S-4893,16.0,16.0,14.0,0,3.14
S-4166,16.0,16.0,16.0,0,2.04
S-4992,17.0,6.0,6.0,0,1.11
S-22206,17.0,7.0,7.0,0,1.34
S-4333,17.0,8.0,8.0,0,1.44
S-4630,17.0,9.0,9.0,0,1.7
S-19837,17.0,11.0,8.0,0,1.73
S-19082,17.0,12.0,6.0,0,1.75
S-23316,17.0,12.0,8.0,0,1.85
S-16753,17.0,12.0,10.0,0,1.9
S-13309,17.0,12.0,12.0,0,2.02
S-24745,17.0,13.0,3.0,0,1.74
S-4755,17.0,13.0,5.0,0,1.79
S-18388,17.0,13.0,7.0,0,1.98
S-23976,17.0,13.0,9.0,0,2.08
S-4723,17.0,13.0,13.0,0,2.29
S-13310,17.0,14.0,5.0,0,1.98
S-4791,17.0,14.0,9.0,0,2.18
S-19083,17.0,14.0,10.0,0,2.25
S-20484,17.0,14.0,14.0,0,2.6
S-16754,17.0,17.0,4.0,0,2.18
S-18389,17.0,17.0,6.0,0,2.8
S-23317,17.0,17.0,7.0,0,2.9
S-4395,17.0,17.0,8.0,0,2.99
S-19838,17.0,17.0,9.0,0,3.01
S-11376,17.0,17.0,10.0,0,3.03
S-4857,17.0,17.0,12.0,0,3.11
S-4445,17.0,17.0,14.0,0,3.19
S-4172,17.0,17.0,17.0,0,3.63
S-4173,17.25,11.25,6.0,0,1.79
S-4756,17.25,11.25,7.0,0,1.81
S-4175,17.25,11.25,8.0,0,1.29
S-15046,17.25,11.25,9.0,0,1.97
S-4176,17.25,11.25,10.0,0,2.04
S-4177,17.25,11.25,11.25,0,2.1
S-4426,17.25,11.5,6.0,0,2.04
S-4476,17.25,11.5,11.5,0,1.52
S-4722,17.5,12.0,3.0,0,1.92
S-18941,17.5,13.0,9.25,0,8.94
S-4539,17.5,14.75,12.5,0,2.85
S-14276,18.0,4.0,4.0,0,0.94
S-4154,18.0,6.0,4.0,0,1.04
S-4178,18.0,6.0,6.0,0,1.05
S-23977,18.0,7.0,7.0,0,1.39
S-19840,18.0,8.0,4.0,0,1.28
S-4313,18.0,8.0,6.0,0,1.36
S-20492,18.0,8.0,8.0,0,1.5
S-4598,18.0,9.0,9.0,0,1.79
S-4724,18.0,10.0,4.0,0,1.5
S-4179,18.0,10.0,6.0,0,1.64
S-4182,18.0,10.0,8.0,0,1.79
S-16713,18.0,10.0,10.0,0,1.85
S-4920,18.0,12.0,2.0,0,1.69
S-19080,18.0,12.0,3.0,0,1.7
S-4859,18.0,12.0,4.0,0,1.71
S-4633,18.0,12.0,5.0,0,1.84
S-4187,18.0,12.0,6.0,0,1.37
S-4993,18.0,12.0,7.0,0,1.92
S-4188,18.0,12.0,8.0,0,1.41
S-4497,18.0,12.0,9.0,0,1.97
S-4189,18.0,12.0,10.0,0,1.44
S-4181,18.0,12.0,12.0,0,1.48
S-19843,18.0,13.0,5.0,0,1.91
S-13312,18.0,13.0,12.0,0,2.26
S-4757,18.0,14.0,4.0,0,1.7
S-4726,18.0,14.0,6.0,0,1.84
S-4397,18.0,14.0,8.0,0,1.52
S-4540,18.0,14.0,10.0,0,2.33
S-4183,18.0,14.0,12.0,0,1.78
S-4855,18.0,14.0,14.0,0,2.64
S-559,18.0,14.5,12.0,0,2.76
S-23981,18.0,15.0,15.0,0,2.86
S-4727,18.0,16.0,2.0,0,2.02
S-4820,18.0,16.0,4.0,0,2.05
S-4566,18.0,16.0,6.0,0,2.1
S-4792,18.0,16.0,8.0,0,2.38
S-4184,18.0,16.0,10.0,0,2.73
S-4728,18.0,16.0,12.0,0,2.79
S-4238,18.0,16.0,14.0,0,2.82
S-12600,18.0,16.0,16.0,0,3.03
S-20479,18.0,18.0,2.0,0,2.44
S-22170,18.0,18.0,3.0,0,2.48
S-4541,18.0,18.0,4.0,0,2.49
S-21027,18.0,18.0,5.0,0,2.57
S-4398,18.0,18.0,6.0,0,1.85
S-22661,18.0,18.0,7.0,0,2.72
S-4239,18.0,18.0,8.0,0,2.82
S-4468,18.0,18.0,10.0,0,2.99
S-4399,18.0,18.0,12.0,0,2.21
S-4729,18.0,18.0,14.0,0,3.22
S-13314,18.0,18.0,15.0,0,3.35
S-4456,18.0,18.0,16.0,0,2.4
S-4185,18.0,18.0,18.0,0,2.55
S-13315,18.5,12.5,7.0,0,1.97
S-4759,18.5,12.5,9.0,0,2.04
S-4760,18.5,12.5,12.0,0,2.17
S-4696,18.5,18.5,9.0,0,2.99
S-16757,19.0,6.0,4.0,0,1.12
S-4761,19.0,12.0,3.0,0,1.73
S-4899,19.0,12.0,4.0,0,1.74
S-19846,19.0,12.0,7.0,0,1.97
S-23982,19.0,13.0,4.0,0,1.83
S-20482,19.0,13.0,6.0,0,2.04
S-22663,19.0,13.0,8.0,0,2.25
S-22192,19.0,13.0,10.0,0,2.44
S-22596,19.0,13.0,12.0,0,2.76
S-16760,19.0,13.0,13.0,0,2.64
S-4622,19.0,14.0,14.0,0,2.73
S-4565,19.0,16.0,16.0,0,3.71
S-4860,19.0,19.0,19.0,0,4.14
S-12601,20.0,4.0,4.0,0,0.99
S-4498,20.0,5.0,5.0,0,1.11
S-4639,20.0,6.0,6.0,0,1.24
S-23983,20.0,8.0,3.0,0,1.32
S-18362,20.0,8.0,4.0,0,1.36
S-16758,20.0,8.0,6.0,0,1.42
S-4499,20.0,8.0,8.0,0,1.0
S-23986,20.0,9.0,9.0,0,1.8
S-4840,20.0,10.0,4.0,0,1.4
S-4640,20.0,10.0,6.0,0,1.42
S-4469,20.0,10.0,8.0,0,1.58
S-4458,20.0,10.0,10.0,0,1.94
S-19079,20.0,12.0,3.0,0,1.75
S-4945,20.0,12.0,4.0,0,1.79
S-4349,20.0,12.0,6.0,0,1.98
S-22195,20.0,12.0,7.0,0,2.01
S-4195,20.0,12.0,8.0,0,2.04
S-4203,20.0,12.0,10.0,0,2.26
S-4204,20.0,12.0,12.0,0,1.69
S-4567,20.0,13.0,10.0,0,2.4
S-23987,20.0,13.0,13.0,0,2.71
S-16761,20.0,14.0,3.0,0,1.97
S-4994,20.0,14.0,4.0,0,1.98
S-25334,20.0,14.0,5.0,0,2.09
S-4542,20.0,14.0,6.0,0,1.56
S-4732,20.0,14.0,8.0,0,2.33
S-4196,20.0,14.0,10.0,0,2.54
S-4206,20.0,14.0,12.0,0,1.94
S-14273,20.0,14.0,14.0,0,2.8
S-13316,20.0,15.0,6.0,0,2.59
S-23988,20.0,15.0,8.0,0,2.64
S-15038,20.0,15.0,9.0,0,2.67
S-11378,20.0,15.0,10.0,0,2.69
S-4926,20.0,15.0,12.0,0,2.9
S-4642,20.0,15.0,15.0,0,2.36
S-4821,20.0,16.0,4.0,0,2.53
S-4902,20.0,16.0,6.0,0,2.61
S-4643,20.0,16.0,8.0,0,2.69
S-22197,20.0,16.0,9.0,0,2.76
S-4644,20.0,16.0,10.0,0,2.82
S-4339,20.0,16.0,12.0,0,2.99
S-4200,20.0,16.0,14.0,0,2.36
S-4645,20.0,16.0,16.0,0,3.58
S-19093,20.0,18.0,4.0,0,2.57
S-4903,20.0,18.0,6.0,0,2.67
S-22199,20.0,18.0,8.0,0,2.96
S-12604,20.0,18.0,10.0,0,3.25
S-4227,20.0,18.0,12.0,0,3.52
S-19841,20.0,18.0,14.0,0,3.82
S-4795,20.0,18.0,16.0,0,4.05
S-4637,20.0,18.0,18.0,0,3.89
S-4647,20.0,20.0,2.0,0,2.98
S-23994,20.0,20.0,3.0,0,3.0
S-4500,20.0,20.0,6.0,0,2.28
S-19094,20.0,20.0,7.0,0,3.1
S-4470,20.0,20.0,8.0,0,3.13
S-4364,20.0,20.0,10.0,0,3.21
S-14287,20.0,20.0,11.0,0,3.35
S-4210,20.0,20.0,12.0,0,2.58
S-4350,20.0,20.0,14.0,0,4.22
S-4862,20.0,20.0,15.0,0,4.36
S-4568,20.0,20.0,16.0,0,4.47
S-4158,20.0,20.0,18.0,0,4.49
S-4201,20.0,20.0,20.0,0,3.3
S-4314,21.0,10.0,10.0,0,2.07
S-4648,21.0,12.0,12.0,0,2.61
S-19049,21.0,13.0,13.0,0,2.92
S-11380,21.0,14.0,10.0,0,2.75
S-4365,21.0,14.0,14.0,0,3.13
S-16741,21.0,15.0,15.0,0,3.3
S-14288,21.0,21.0,21.0,0,5.24
S-4937,22.0,6.0,6.0,0,1.34
S-22654,22.0,8.0,8.0,0,1.64
S-4649,22.0,10.0,4.0,0,1.39
S-13319,22.0,10.0,6.0,0,1.73
S-4650,22.0,10.0,9.0,0,2.07
S-25346,22.0,10.0,10.0,0,2.18
S-24069,22.0,12.0,4.0,0,1.85
S-19850,22.0,12.0,6.0,0,2.08
S-21050,22.0,12.0,8.0,0,2.22
S-4863,22.0,12.0,10.0,0,2.36
S-4159,22.0,12.0,12.0,0,2.54
S-24072,22.0,13.0,8.0,0,2.38
S-20496,22.0,14.0,4.0,0,2.18
S-4796,22.0,14.0,6.0,0,2.44
S-12605,22.0,14.0,8.0,0,2.53
S-13320,22.0,14.0,10.0,0,2.61
S-4221,22.0,14.0,12.0,0,1.92
S-4734,22.0,14.0,14.0,0,3.11
S-22207,22.0,15.0,10.0,0,2.85
S-24073,22.0,15.0,12.0,0,3.07
S-13321,22.0,15.0,15.0,0,3.34
S-21047,22.0,16.0,4.0,0,2.57
S-20497,22.0,16.0,6.0,0,2.64
S-18361,22.0,16.0,8.0,0,2.76
S-13322,22.0,16.0,10.0,0,3.09
S-18363,22.0,16.0,12.0,0,3.21
S-19050,22.0,16.0,14.0,0,3.36
S-4841,22.0,16.0,16.0,0,3.53
S-4471,22.0,17.0,12.0,0,2.31
S-21048,22.0,18.0,4.0,0,2.61
S-4735,22.0,18.0,6.0,0,2.68
S-15039,22.0,18.0,8.0,0,2.96
S-18364,22.0,18.0,10.0,0,3.3
S-4997,22.0,18.0,12.0,0,3.52
S-24074,22.0,18.0,14.0,0,3.86
S-4797,22.0,18.0,16.0,0,4.06
S-20495,22.0,18.0,18.0,0,4.41
S-23335,22.0,20.0,6.0,0,3.32
S-15040,22.0,20.0,10.0,0,3.66
S-16742,22.0,20.0,14.0,0,4.36
S-19051,22.0,20.0,20.0,0,4.8
S-12606,22.0,22.0,4.0,0,3.35
S-4413,22.0,22.0,6.0,0,3.58
S-4651,22.0,22.0,8.0,0,3.74
S-4763,22.0,22.0,10.0,0,4.14
S-4736,22.0,22.0,12.0,0,4.32
S-14289,22.0,22.0,14.0,0,4.47
S-4501,22.0,22.0,16.0,0,4.63
S-12607,22.0,22.0,18.0,0,4.93
S-4826,22.0,22.0,20.0,0,5.26
S-4319,22.0,22.0,22.0,0,3.93
S-20443,22.5,15.880000000000003,11.75,0,7.5
S-4213,23.0,15.999999999999996,16.0,0,3.99
S-4231,23.0,17.0,12.0,0,3.3
S-20542,23.0,23.0,23.0,0,6.2
S-4472,24.0,4.0,4.0,0,1.12
S-23957,24.0,5.0,5.0,0,1.59
S-14290,24.0,6.0,4.0,0,1.34
S-4240,24.0,6.0,6.0,0,0.91
S-20535,24.0,8.0,4.0,0,1.46
S-12608,24.0,8.0,6.0,0,1.49
S-4502,24.0,8.0,8.0,0,1.73
S-4737,24.0,9.0,6.0,0,1.69
S-11381,24.0,9.0,9.0,0,1.81
S-12609,24.0,10.0,4.0,0,1.63
S-4842,24.0,10.0,6.0,0,1.74
S-4545,24.0,10.0,8.0,0,1.95
S-4414,24.0,10.0,10.0,0,2.07
S-23333,24.0,12.0,3.0,0,1.91
S-13324,24.0,12.0,4.0,0,1.92
S-22664,24.0,12.0,5.0,0,1.95
S-4415,24.0,12.0,6.0,0,1.97
S-4653,24.0,12.0,8.0,0,2.4
S-4570,24.0,12.0,10.0,0,2.5
S-4243,24.0,12.0,12.0,0,1.84
S-4546,24.0,14.0,4.0,0,2.17
S-4905,24.0,14.0,6.0,0,2.49
S-4503,24.0,14.0,8.0,0,2.73
S-4738,24.0,14.0,10.0,0,2.9
S-4217,24.0,14.0,12.0,0,3.03
S-4654,24.0,14.0,14.0,0,2.53
S-4957,24.0,15.0,10.0,0,3.0
S-16755,24.0,15.0,12.0,0,3.3
S-14277,24.0,15.0,15.0,0,3.56
S-4547,24.0,16.0,4.0,0,2.21
S-4504,24.0,16.0,6.0,0,2.76
S-4799,24.0,16.0,8.0,0,2.36
S-4800,24.0,16.0,10.0,0,3.19
S-4162,24.0,16.0,12.0,0,2.53
S-19817,24.0,16.0,13.0,0,3.56
S-4656,24.0,16.0,14.0,0,3.66
S-4218,24.0,16.0,16.0,0,2.75
S-16762,24.0,17.0,3.0,0,2.96
S-16756,24.0,17.0,12.0,0,3.63
S-4657,24.0,17.0,15.0,0,3.98
S-23991,24.0,18.0,3.0,0,2.99
S-4827,24.0,18.0,4.0,0,2.04
S-4416,24.0,18.0,6.0,0,2.85
S-10655,24.0,18.0,8.0,0,3.32
S-4658,24.0,18.0,10.0,0,3.67
S-4219,24.0,18.0,12.0,0,2.7
S-4906,24.0,18.0,14.0,0,4.2
S-23992,24.0,18.0,15.0,0,4.34
S-4698,24.0,18.0,16.0,0,4.48
S-4338,24.0,18.0,18.0,0,3.05
S-16763,24.0,20.0,4.0,0,3.42
S-4448,24.0,20.0,6.0,0,3.52
S-13325,24.0,20.0,8.0,0,4.06
S-4907,24.0,20.0,10.0,0,4.47
S-4220,24.0,20.0,12.0,0,4.72
S-4864,24.0,20.0,14.0,0,4.91
S-4739,24.0,20.0,16.0,0,5.1
S-4803,24.0,20.0,18.0,0,5.24
S-11379,24.0,20.0,20.0,0,5.2
S-21561,24.0,22.0,22.0,0,6.52
S-4450,24.0,24.0,4.0,0,2.7
S-4505,24.0,24.0,6.0,0,3.99
S-4548,24.0,24.0,7.0,0,4.18
S-11382,24.0,24.0,8.0,0,4.34
S-4908,24.0,24.0,10.0,0,4.5
S-4320,24.0,24.0,12.0,0,3.44
S-10656,24.0,24.0,14.0,0,5.32
S-4223,24.0,24.0,16.0,0,5.6
S-4474,24.0,24.0,18.0,0,5.87
S-4571,24.0,24.0,20.0,0,6.05
S-19824,24.0,24.0,22.0,0,6.39
S-4247,24.0,24.0,24.0,0,4.85
S-4661,25.0,16.0,16.0,0,4.01
S-4544,25.0,20.0,20.0,0,5.32
S-15043,25.0,25.0,12.0,0,5.64
S-4911,25.0,25.0,20.0,0,6.44
S-4699,25.0,25.0,25.0,0,6.51
S-22696,26.0,4.0,4.0,0,1.27
S-4938,26.0,6.0,6.0,0,1.44
S-14279,26.0,8.0,8.0,0,1.84
S-19826,26.0,10.0,4.0,0,1.85
S-4844,26.0,10.0,10.0,0,2.61
S-22697,26.0,12.0,10.0,0,3.02
S-4506,26.0,12.0,12.0,0,3.1
S-4662,26.0,13.0,8.0,0,3.09
S-21590,26.0,14.0,10.0,0,3.13
S-21060,26.0,14.0,12.0,0,3.4
S-4959,26.0,14.0,14.0,0,3.55
S-4303,26.0,15.0,5.0,0,3.52
S-4550,26.0,15.0,7.0,0,4.0
S-4804,26.0,15.0,12.0,0,4.22
S-12654,26.0,16.0,10.0,0,4.06
S-23989,26.0,16.0,12.0,0,4.24
S-4663,26.0,16.0,14.0,0,4.39
S-4629,26.0,16.0,16.0,0,4.47
S-18369,26.0,17.0,5.0,0,3.53
S-16780,26.0,18.0,10.0,0,4.11
S-4228,26.0,18.0,12.0,0,4.39
S-22698,26.0,18.0,14.0,0,4.47
S-4225,26.0,18.0,16.0,0,4.51
S-21061,26.0,18.0,18.0,0,4.83
S-4507,26.0,20.0,12.0,0,3.37
S-12655,26.0,20.0,18.0,0,4.93
S-4700,26.0,20.0,20.0,0,5.1
S-23990,26.0,22.0,10.0,0,4.7
S-18372,26.0,22.0,12.0,0,4.9
S-20538,26.0,24.0,24.0,0,8.38
S-15044,26.0,26.0,4.0,0,5.16
S-4664,26.0,26.0,6.0,0,5.33
S-16781,26.0,26.0,8.0,0,5.46
S-12656,26.0,26.0,10.0,0,5.76
S-4912,26.0,26.0,12.0,0,6.1
S-18373,26.0,26.0,14.0,0,6.25
S-14283,26.0,26.0,16.0,0,6.44
S-4963,26.0,26.0,20.0,0,6.82
S-4190,26.0,26.0,26.0,0,7.6
S-4828,27.0,14.0,9.0,0,4.21
S-4742,27.0,27.0,27.0,0,8.34
S-21037,28.0,4.0,4.0,0,1.42
S-4452,28.0,6.0,6.0,0,1.58
S-4913,28.0,8.0,8.0,0,1.92
S-18374,28.0,10.0,10.0,0,2.69
S-4946,28.0,12.0,6.0,0,2.6
S-16782,28.0,12.0,8.0,0,2.9
S-22659,28.0,12.0,10.0,0,3.07
S-4914,28.0,12.0,12.0,0,3.13
S-16783,28.0,14.0,14.0,0,4.21
S-23329,28.0,15.0,15.0,0,4.24
S-19828,28.0,16.0,5.0,0,3.63
S-4743,28.0,16.0,7.0,0,3.74
S-4915,28.0,16.0,10.0,0,4.01
S-4408,28.0,16.0,12.0,0,4.34
S-4508,28.0,16.0,14.0,0,4.51
S-4766,28.0,17.0,5.0,0,3.66
S-19829,28.0,18.0,6.0,0,3.74
S-18375,28.0,18.0,8.0,0,4.05
S-20539,28.0,18.0,10.0,0,4.37
S-11383,28.0,18.0,12.0,0,4.66
S-4758,28.0,18.0,18.0,0,4.66
S-22183,28.0,20.0,10.0,0,4.7
S-12611,28.0,20.0,12.0,0,4.84
S-16740,28.0,20.0,20.0,0,5.84
S-4459,28.0,24.0,6.0,0,5.02
S-22660,28.0,24.0,12.0,0,5.35
S-16785,28.0,24.0,20.0,0,6.66
S-19825,28.0,24.0,24.0,0,8.69
S-4829,28.0,28.0,6.0,0,5.75
S-20543,28.0,28.0,8.0,0,5.98
S-19086,28.0,28.0,10.0,0,6.24
S-4666,28.0,28.0,12.0,0,6.31
S-4866,28.0,28.0,20.0,0,7.85
S-19830,28.0,28.0,22.0,0,8.18
S-4433,28.0,28.0,28.0,0,9.15
S-4134,29.0,6.0,6.0,0,1.97
S-14300,29.0,24.0,24.0,0,8.19
S-17999,30.0,3.0,3.0,0,3.1
S-4578,30.0,4.0,4.0,0,1.71
S-4744,30.0,6.0,6.0,0,1.81
S-18377,30.0,8.0,8.0,0,2.04
S-4599,30.0,9.0,9.0,0,2.5
S-4939,30.0,10.0,10.0,0,2.29
S-18378,30.0,12.0,4.0,0,2.99
S-21051,30.0,12.0,6.0,0,3.01
S-16774,30.0,12.0,12.0,0,3.14
S-13329,30.0,13.0,13.0,0,3.49
S-4809,30.0,14.0,7.0,0,2.85
S-4403,30.0,14.0,10.0,0,3.32
S-13301,30.0,14.0,14.0,0,3.56
S-4412,30.0,15.0,15.0,0,3.88
S-19081,30.0,16.0,16.0,0,4.86
S-4404,30.0,17.0,16.0,0,4.63
S-21052,30.0,18.0,16.0,0,5.14
S-15045,30.0,18.0,18.0,0,5.23
S-23995,30.0,20.0,4.0,0,3.46
S-11386,30.0,20.0,6.0,0,3.53
S-19091,30.0,20.0,8.0,0,3.82
S-4667,30.0,20.0,10.0,0,4.05
S-4928,30.0,20.0,12.0,0,4.32
S-15081,30.0,20.0,18.0,0,5.94
S-20494,30.0,20.0,20.0,0,6.08
S-13323,30.0,22.0,22.0,0,7.11
S-22695,30.0,24.0,6.0,0,5.2
S-13330,30.0,24.0,10.0,0,5.28
S-4417,30.0,24.0,12.0,0,5.55
S-4961,30.0,24.0,20.0,0,6.91
S-4572,30.0,24.0,24.0,0,9.01
S-16775,30.0,26.0,24.0,0,8.61
S-14301,30.0,30.0,6.0,0,6.56
S-4845,30.0,30.0,8.0,0,6.82
S-15082,30.0,30.0,10.0,0,7.0
S-10661,30.0,30.0,12.0,0,7.2
S-4668,30.0,30.0,16.0,0,7.59
S-16776,30.0,30.0,20.0,0,8.94
S-4745,30.0,30.0,25.0,0,9.1
S-12610,31.0,13.0,13.0,0,4.98
S-4746,31.0,16.0,9.0,0,4.34
S-19813,32.0,4.0,4.0,0,1.75
S-4669,32.0,6.0,6.0,0,2.04
S-4810,32.0,8.0,8.0,0,2.1
S-4304,32.0,10.0,6.5,0,2.11
S-18379,32.0,10.0,10.0,0,2.72
S-19092,32.0,12.0,10.0,0,3.13
S-4868,32.0,12.0,12.0,0,3.34
S-16777,32.0,16.0,16.0,0,4.68
S-19827,32.0,18.0,8.0,0,4.09
S-10662,32.0,18.0,12.0,0,4.21
S-18380,32.0,18.0,18.0,0,5.82
S-15083,32.0,24.0,24.0,0,8.63
S-20544,32.0,32.0,8.0,0,8.59
S-16778,32.0,32.0,12.0,0,8.94
S-14258,33.0,8.5,5.0,0,2.17
S-4670,34.0,10.0,6.0,0,2.36
S-22662,34.0,18.0,18.0,0,5.95
S-4846,34.0,21.0,6.0,0,5.13
S-4132,36.0,4.0,4.0,0,1.16
S-11368,36.0,5.0,5.0,0,1.79
S-4135,36.0,6.0,6.0,0,1.49
S-18427,36.0,8.0,4.0,0,2.04
S-4361,36.0,8.0,8.0,0,2.21
S-21010,36.0,9.0,9.0,0,2.68
S-18428,36.0,10.0,6.0,0,2.54
S-4672,36.0,10.0,10.0,0,2.61
S-4830,36.0,12.0,4.0,0,3.41
S-14302,36.0,12.0,6.0,0,3.56
S-21566,36.0,12.0,8.0,0,3.63
S-4673,36.0,12.0,10.0,0,3.67
S-4418,36.0,12.0,12.0,0,2.58
S-21567,36.0,14.0,6.0,0,3.67
S-4232,36.0,14.0,10.0,0,3.74
S-4532,36.0,14.0,14.0,0,4.07
S-15051,36.0,15.0,15.0,0,4.79
S-16779,36.0,16.0,5.0,0,3.64
S-22699,36.0,16.0,7.0,0,3.97
S-4405,36.0,16.0,16.0,0,5.05
S-15084,36.0,18.0,6.0,0,4.32
S-4702,36.0,18.0,12.0,0,4.79
S-4638,36.0,18.0,18.0,0,6.18
S-4569,36.0,20.0,20.0,0,6.94
S-4965,36.0,21.0,10.0,0,6.65
S-4368,36.0,21.0,20.0,0,7.17
S-4652,36.0,22.0,22.0,0,7.72
S-4747,36.0,24.0,4.0,0,5.93
S-4811,36.0,24.0,6.0,0,6.2
S-4917,36.0,24.0,8.0,0,6.51
S-19194,36.0,24.0,10.0,0,6.65
S-4454,36.0,24.0,12.0,0,6.77
S-16765,36.0,24.0,18.0,0,7.37
S-4192,36.0,24.0,20.0,0,7.51
S-4659,36.0,24.0,24.0,0,9.21
S-19870,36.0,30.0,12.0,0,8.81
S-19814,38.0,4.0,4.0,0,1.85
S-4583,38.0,6.0,6.0,0,2.32
S-21008,38.0,8.0,8.0,0,3.0
S-4753,38.0,10.0,10.0,0,2.95
S-4511,40.0,4.0,4.0,0,1.94
S-22167,40.0,5.0,5.0,0,2.05
S-4342,40.0,6.0,6.0,0,2.44
S-4748,40.0,8.0,8.0,0,3.2
S-16714,40.0,10.0,10.0,0,3.94
S-4618,40.0,12.0,12.0,0,4.32
S-11375,40.0,14.0,14.0,0,4.36
S-12772,40.0,18.0,8.0,0,5.46
S-23336,40.0,20.0,10.0,0,6.51
S-19048,40.0,20.0,20.0,0,7.73
S-23337,40.0,24.0,12.0,0,8.27
S-17998,42.0,4.0,4.0,0,4.72
S-22631,42.0,6.0,6.0,0,2.78
S-16704,42.0,8.0,8.0,0,3.66
S-4847,42.0,11.0,6.0,0,4.38
S-16769,44.0,12.0,12.0,0,4.69
S-22166,46.0,4.0,4.0,0,2.2
S-16770,46.0,20.0,12.0,0,7.25
S-4465,48.0,4.0,4.0,0,1.62
S-19815,48.0,5.0,5.0,0,2.6
S-4381,48.0,6.0,6.0,0,2.14
S-23949,48.0,7.0,7.0,0,3.67
S-4557,48.0,8.0,8.0,0,2.84
S-21585,48.0,9.0,9.0,0,3.94
S-10666,48.0,10.0,10.0,0,4.56
S-19096,48.0,12.0,6.0,0,4.5
S-4525,48.0,12.0,12.0,0,3.49
S-12596,48.0,14.0,14.0,0,5.05
S-4720,48.0,15.0,15.0,0,5.49
S-16752,48.0,16.0,16.0,0,6.44
S-11377,48.0,18.0,18.0,0,6.97
S-4822,48.0,20.0,20.0,0,8.44
S-19831,48.0,24.0,8.0,0,9.46
S-4848,48.0,24.0,12.0,0,9.21
S-21584,50.0,4.0,4.0,0,2.67
S-4242,50.0,5.0,5.0,0,2.69
S-20480,50.0,6.0,6.0,0,3.57
S-21009,50.0,8.0,8.0,0,4.41
S-18335,50.0,12.0,12.0,0,5.14
S-12650,52.0,4.0,4.0,0,3.14
S-10659,52.0,6.0,6.0,0,8.64
S-4713,52.0,12.0,12.0,0,5.24
S-4555,60.0,4.0,4.0,0,3.14
S-13284,60.0,5.0,5.0,0,3.74
S-21568,60.0,6.0,6.0,0,3.74
S-20536,60.0,8.0,8.0,0,4.95
S-13288,60.0,10.0,10.0,0,6.14
S-4692,60.0,12.0,12.0,0,7.1
S-4136,62.0,6.0,6.0,0,4.47
S-18236,72.0,4.0,4.0,0,8.25
S-4689,72.0,6.0,6.0,0,5.55
S-19863,72.0,8.0,8.0,0,6.66
S-18384,72.0,10.0,10.0,0,7.72
S-4693,72.0,12.0,12.0,0,7.86
S-4241,74.0,4.0,4.0,0,3.77
